index,brand_name,note
1,ANF,
2,도그쿡 (DOG COOK),
3,NHV,
4,THINK TANK,
5,개이득,
6,개화 (GAEHWA),
7,건강백서,
8,게더 (gather),
9,고 (go!),
10,고집 (GOzip),
11,골드로니 (GOLDRONY),
12,닥터웰릿 (Dr.welleat),
13,공기밥,
14,굿프렌드 (Good Friend),
15,그대로 순수제간식,
16,그랜마 메이스 (GRANDMA MAE'S),
17,그랜마루시 (Grandma Lucy's),
18,그리니즈 (Greenies),
19,그린펫푸드 (GREEN PETFOOD),
20,꼬뜨 (cote),
21,꼬리별 (coribyel),
22,나샘 (NASEM),
23,나우 (now),
24,나트러스 (Natruse),
25,내추럴트리 (Natural Tree),
26,내추로 (NATURO),
27,내츄럴 스토리 (Natural Story),
28,냥품멍품,
29,너리쉬 (nourish),
30,네이처스버라이어티 (Nature's Variety),
31,네이처잇 (Nature Eat),
32,네이쳐스 프로텍션 (NATURE'S PROTECTION),
33,내추럴발란스 (Natural Balance),
34,네추럴키티 (natural kitty),
35,네츄럴오 (Natural O),
36,네츄럴이즈 (naturalis),
37,네츄럴코어 (Natural Core),
38,네츄럴큐브 (NATURAL CUBE),
39,네츄럴플래닛 (NATURAL PLANET),
40,네츄럴홀릭 (NATURAL HOLIC),
41,노르딕 네추럴스 (NORDIC NATURALS),
42,노리밥 (NoriBob),
43,노브랜드 (NO BRAND),
44,노비에스 (NO B.S.),
45,노쉬 (NOSH),
46,노스웨스트 내츄럴 (Northwest naturals),
47,뉴로 (nulo),
48,뉴알엑스 (neuRX),
49,뉴웨이브 (NEU WAVE),
50,뉴트로 (Nutro),
51,뉴트리나 (Nutrena),
52,뉴트리벳 (NUTRIVET),
53,뉴트리소스 (NutriSource),
54,뉴트리아네시스 (NutriAnesis),
55,뉴트리언스 (Nutrience),
56,뉴트리웰 (NutriWell),
57,뉴트리츠 (NUTREATS),
58,뉴트리탑 (Nutri Top),
59,뉴트리플랜 (NUTRIPLAN),
60,다이닝펫 (DINING PET),
61,다이아몬드케어 (Diamond CARE),
62,다포드 (DARFORD),
63,닥터 힐 메딕스 (Dr.Healmedix),
64,닥터도비 (Dr.Doby),
65,닥터맘마 (Dr.Mamma),
66,닥터머콜라 (DR. MERCOLA),
67,닥터바이 (DOCTOR BY),
68,닥터엠 (Dr.M),
69,닥터케이 (Dr.k),
70,닥터클라우더 (Dr.Clauder's),
71,닥터페트라 (Dr.Petra),
72,닥터페페 (DR.PePe),
73,닥터할리 (Dr.HOLI),
74,댕댕이의 간식대첩,
75,더그린 (THE GREEN),
76,더내추럴 (THE NATURAL),
77,더독 (THE DOG),
78,더마독 (DermaDOG),
79,더캣 (THE CAT),
80,더캣츠 (THE Cats),
81,데이비스 (DAVIS),
82,데이스포 (Day's Paw),
83,덴타베지 (Denta Veg),
84,덴탈365 (Dental365),
85,덴탈라이트 (Dentallight),
86,덴탈헬스 (Dental Health),
87,도그닥터 (Dog Doctor),
88,도그라인 (DOGLINE),로고x
89,도그랑 (DOGRANG),
90,도그매니아 (DOG MANIA),
91,도그밥 (DOGBOB),
92,도그빼로,
93,도그씨 (Dog see),
94,도그원 (dog1),
95,도그즈파인푸드 (dogz finefood),
96,도그퓨어 (DOGPURE),
97,도그퓨어 (Dog pure),
98,도글리안 (Doglian),
99,도기밸런스 (DOGGY Balance),
100,도기트래블 (doggy travel),
101,독스러브 (dogs love),
102,독티 (dogt),
103,듀먼 (Dhuman),
104,드림본 (Dream Bone),
105,디아팜 (Diafarm),
106,또잇또잇,
107,라비벳 (LABIVET),
108,랑이네식탁,
109,러비더비 (LOVEY DOVEY),
110,레이앤이본 (Ray&Yvonne),
111,로렌츠 (LORENZ),
112,로얄캐닌 (Royal Canin),
113,로우즈 (RAWZ),
114,로즈힙바이탈 (Rose-Hip Vital),
115,로투스 (LOTUS),
116,론가비타 (LONGAVITA),
117,롬 (roam),
118,루아 (RUAH),
119,리시우스 (LICIOUS),
120,리얼내추럴 (REAL NATURAL),
121,리얼오가닉 (REAL ORGANIC),
122,리얼오플러스 (REAL O-PLUS),
123,리틀라이언 (A LITTLE LION),
124,리틀빅파우 (Little BigPaw),
125,릴리스키친 (LILY'S KITCHEN),
126,링거펫 (Ringer Pet),
127,마도로스펫 (MATROOSPET),
128,마이도기 (My Doggy),
129,마이리틀팜 (Mylittle Farm),
130,마이베프 (my vef),
131,마이뷰 (mybeau),
132,마이펫닥터 (mypet doctor),
133,맘블레스 (Mombless),
134,맘스틱 (MOMSTICK),
135,맘앤대디 (mom & daddy),
136,맛밀 (mattmeal),
137,맛선,
138,맥아담스 (McAdams),
139,메디웍스 (MEDIWOX),
140,메라 (MERA),
141,모그냥 (mog nyan),
142,모그완 (mog wan),
143,목우촌 (MOGUCHON),
144,뭐멍냥,
145,미아모아 (miamor),
146,미오 (me-O),
147,미쵸 (micho),
148,미토 (Mito),
149,바우와우 (BOW WOW),
150,바이독 (byDOG),
151,바이캣 (byCAT),
152,바이탈에센셜 (VITAL ESSENTIAL),
153,반려소반,
154,배피 (Baffy),
155,밸런스라이프 (balanced LiFE),
156,밸리스 (Ballys),
157,범벅 (bumbuk),
158,베게브랜드 (Vege Brand),
159,베스트브리드 (BEST BREED),
160,베스트원 (Best One),로고X
161,베츠 (VETS),
163,베츠베스트 (VET'S BEST),
164,베츠키친 (Vet's Kitchen),
165,벨버드 (BELL BIRD),
166,벨포아 (BELLFOR),
167,보나시보 (BonaCibo),
168,보니스 (BONIES),
169,보쉬 (bosch),
170,복슬강아지 (bokseul pet),
171,브레이버리 (BRAVERY),
172,브이랩 (V+lab),
173,블랙우드 (BLACKWOOD),
174,블랙호크 (BlackHawk),
175,블루 버팔로 (THE BLUE BUFFALO),
176,블루키친 (BLUE KITCHEN),
177,비비씨 (BBC),
178,비스트로 (Bistro),
179,비어파 (beaphar),
180,비코펫츠 (BECO PETS),
181,비타크래프트 (Vitacraft),
182,빅독 (BIG DOG),
183,빅스비 (BIXBI),
184,빈티지 (Vintage),
185,빌리 (Billy),
186,뽀빠이 (POPEYE),
187,뽀시래기 (BBOSIRAEGI),
188,사나벨 (Sanabelle),
189,사사견견,
190,사조 (SAJO),
191,서울우유 (seoulmilk),
192,선데이펫 (Sunday pets),
193,설레개 (SUL RE GAE),
194,성보 (SUNGBO),
195,세라피드 (THERA FEED),
196,소프트밥 (SOFT BOB),
197,솔리드골드 (solid gold),
198,순살가득,
199,쉬바 (Sheba),
200,슈슈 (Chou Chou),
201,스니프스낵 (Snif-Snax),
202,스마트본 (Smart Bones),
203,스마트하트 (SmartHeart),
204,스맥 (Smack),
205,스몰배치 (small batch),
206,스쿱543 (SCOOP543),
207,스타캣 (Star Cat),
208,스텔라앤츄이스 (Stella&Chewys),
209,스틸본 (STEEL BONE),
210,스페시픽 (SPECIFIC),
211,시리우스 윌 (SIRIUS WILL),
212,시저 (Cesar),
213,식스스텝 (SIX STEP),
214,써미트10 (Summit10),
215,씨스팡 (syspang),
216,아나멧 (ANNAMAET),
217,아딜론덱 (ADIRONDACK),
218,아띠트릿 (Atti Friend),
219,아르르 (arrr),
220,아르테미스 (ARTEMIS),
221,아몬스 (Amons),
222,아미노 파워 (AMINO POWER),
223,아미오 (amio),
224,아베크맘마 (AVEC MAMMA),
225,아보덤 (AvoDerm),
226,아스쿠 (asuku),
227,아이디얼레시피 (Ideal Recipe),
228,아이스랜드펫 (Iceland pet),
229,아침애(愛),
230,아카나 (ACANA),
231,아투 (AATU),
232,알파벳 (AlphaVET),
233,알파스피릿 (alpha spirit),
234,애니홀릭 (AnnyHollic),
235,앱솔루트 홀리스틱 (Absolute Holistic),
236,어게인스트더그레인 (AGAINST the grain),
237,어니스트밀 (HONEST MEAL),
238,어딕션 (ADDICTION),
239,어스본 (Earthborn),
240,어플라우즈 (Applaws),
241,에버그로 (ever grow),
242,에센셜 푸드 (Essential Foods),
243,에이프로 (A Pro),
244,에임소프트 (aim Soft),
245,에코팜 (ECO FARM),
246,에프디트릿 (FD TREATS),
247,오가닉스 (ORGANIX),
248,오구구 (OGUGU),
249,오구오구멍 (OGUOGUMEONG),
250,오네이처 (O NATURE),
251,오래살개,
252,오리젠 (Orijen),
253,오복누리 (OBOKNURI),
254,오트밀,
255,오프레시 (O FRESH),
256,올가밀 (Orgameal),
257,올네이쳐 (all nature),
259,와그작 (wagzak),
260,와일드프론티어 (WILD FRONTIER),
261,완피 (Wanpy),
262,요고 (YOGO),
263,울트라 (ULTRA),
264,워프 (WOOF),
265,원더독스 (WONDER DOGS),
266,원더캣츠 (Wonder Cats),
267,원데이케어 (ONEDAY CARE),
268,원탑 (ONE TOP),
269,웰그롬 (Wellgrom),
270,웰니스 (WELLNESS),
271,웰로 (wello),
272,웰비스타 (We'llbe STAR),
273,웰츠 (Wealtz),
274,웰컴독 (WelcomeDog),
275,웹박스 (Webbox),
276,위스카스 (whiskas),
277,위시본 (WISHBONE),
278,윔지스 (WHIMZEES),
279,유바이트 (UBite),
280,이나바 (INABA),
281,이눅슈크 (Inukshuk),
282,이볼브 (EVOLVE),
283,이즈칸 (Iskhan),
284,이퀼리브리오 (EQUILIBRIO),
285,인벳 (INVET),
286,인트라젠 (Intragen),
287,일가견,
288,자연가득,
289,자연애 (Natural Love),
290,카리에스 (Caries),
291,조공,
292,조인트맥스 (joint MAX),
293,지그니쳐 (Zignature),
294,지니펫 (GINIPET),
295,지위픽 (ZIWI Peak),
296,질 (ZEAL),
297,찹앤찹 (CHOP&CHOP),
298,천하제일,
299,청춘강아지 (HEYDAY DOGGY),
300,치킨 수프 (Chicken Soup),
301,카나간 (CANAGAN),
302,카나포 (CARNA4),
303,카루 (CARU),
304,카리나 (Carina),
305,카카토 (kakato),
306,캐니오틱 (CaniOtic),
307,캐츠랑 (Cats rang),
308,캣만두 (CatManDoo),
309,캣츠아이 (CAT'S EYE),
310,캣츠업 (Cat's up),로고x
311,캣츠파인푸드 (catz finefood),
312,캣퓨어 (Cat pure),
313,커클랜드 (KIRKLAND),
314,케이나인내추럴 (K9 Natural),
315,켄넬 (kennel),
316,켈틱 커넥션 (CELTIC CONNECTION),
317,코들 (Coddle),
318,코지펫(COZY PET),
319,코코페로 (COCO PERRO),
320,코코페타 (cocopeta),
321,쿠쵸 (kucho),
322,크래니멀 (Cranimals),
323,크레디슨 (CREdicine),
324,킷캣 (Kit Cat),
325,탐사 (Tamsaa),
326,탑라이프 (TopLife),
327,테비타퍼 (Tabby topper),
328,테라카니스 (Terra Canis),
329,테라펠리스 (Terra Faelis),
330,텐더앤트루 (Tender&True),
331,템테이션 (Temptations),
332,토니코 (TONICO),
333,토로토로 (TORO TORO),
334,토우 (Taste of the Wild),
335,트로벳 (TROVET),
336,트루라인 (trueline),
337,팀버울프 (TIMBERWOLF),
338,파미나 (Farmina),
339,파밀 (Famil),
340,판타스틱 (fantaSTICK),
341,패스쳐 (PASTURE),
342,퍼스트메이트 (FirstMate),
343,퍼시캣 (Fussie Cat),
344,퍼즈야드 (Fuzz Yard),
345,퍼피아이 (Puppy i),
346,퍼피프랜드 (Puppy Friend),
347,페로 (PERO),
348,페페로니 (PEPERONI),
349,페피밀 (PEPPY-MEAL),
350,펠리나캐니노 (Felina Canino),
351,펠리쿠치나 (FELI-CUCINA),
352,펫더맨 (Pet-the-man),
353,펫레터 (Pet Letter),
354,펫모이스 (Petmoise),
355,펫발란스 (PET BALANCE),
356,펫벗,
357,펫보타닉스 (Pet Botanics),
358,펫스토랑 (PETSTAURANT),
359,펫쯔 (PETZ),
360,펫츠그린 (PETSGREEN),
361,펫츠루트 (Petz Route),
362,펫케어 (PET CARE),
363,펫키스 (PETKISS),
364,펫테리토리 (PET TERRITARY),
365,펫토리아 (petoria),
366,펫트리션 (PETRITION),
367,펫프리카 (PETPRIKA),
368,펫후 (PET HOOH),
369,포르자10 (FORZA10),
370,포켄스 (FORCANS),
371,포펫 (FOR PET),
372,폴카독 (POLKADOG),
373,푸디웜 (foody worm),
374,푸치앤머트 (POOCH&MUTT),
375,풍미(風味),
376,퓨리나 (PURINA),
377,퓨어비타 (Pure Vita),
378,프라이드 (PRiDe),
379,프라이멀 (PRIMAL),
380,프라임 (Prime),
381,프레쉬 (fresh),
382,프로바이오닉 (ProBionic),
383,프로바이오밀 (Probiomill),
384,프로베스트 (PROBEST),
385,프로셀컴퍼니 (PROCELL COMPANY),
386,프로시리즈 (ProSeries),
387,프로이젠 (Proegen),
388,프롬벳 (FROM VET),
389,프루터블 (fruitables),
390,프리미요 (Primeow),
391,플라토 (PLATO),
392,피너클 (PINNACLE),
393,피니키 (FINIKI),
394,피시포독 (FISH 4 DOGS),
395,피시포캣 (FISH 4 CATS),
396,피콜로 (Piccolo),
397,피피픽 (PPPICK),
398,필드스타 (FIELD STAR),로고x
399,핏펫 (Fitpet),
400,하나누리 (HANANURI),
401,하림펫푸드,
402,하이캣닢,
403,한그득,
404,한려수 (HANLYEOSU),
405,한입거리,
406,한하루,
407,할로할로 (HALO HALO),
408,허브허브 (HERB HURB),
409,허즈 (Herz),
410,헤일로 (HALO),
411,헬로도기 (Hello Doggy),
412,홀리케어바프 (HOLICARE BARF),
413,홈캣 (Home Cat),
414,후새 (husse),
415,후코홀릭 (Fuco Holic),
416,휘슬 (WHISTLE),
417,휴고엔셀린 (Hugo&Celine),
418,뚜리까까 (TTURIKAKA),
419,브루클린펫코 (BROOKLYN PET CO.),
420,페디그리 (Pedigree),
421,바잇미 (BITE ME),
422,허츠앤베이 (HUTS AND BAY),
423,어바웃밀 (about meal),
424,어글어글 (ugl ugl),
425,레미스키친 (Remy's Kitchen),
426,Big dog,
427,어썸포썸 (AWESOME PAWSOME),
428,왜그 (WAG),
429,아이슬란딕 플러스 (ICELANDIC+),
430,슈퍼트릿 (SUPER TREATS),
431,올박스 (ALL BARKS),
432,닥터웰릿 (Dr.welleat),
433,러브이엠 (love'em),
434,하울고 (HOWLGO),
435,베럴즈 (BETTERS),
436,허브스미스 (Herbsmith),
437,페티펫 (PETIPET),
438,오마이리틀베이비 (OH! MY LITTLE BABY),
439,허밍펫 (HUMMING PET),
440,캣츠모리 (CATSMORY),
441,프로덴 (ProDen),
442,Indigenous Pet Products,
443,브라이트 바이츠 (Bright Bites),
444,오드리캣 (oddlee),
445,코멜 (Comell),
446,킨앤카인드 (kin+kind),
447,퓨어폼 펫 헬스 (PUREFORM PET HEALTH),
448,펫 내추럴 (Pet Naturals),
449,블루마린 (Blue Marlin),
450,블루벳 (BLUE VET),
451,블루마운틴 (Blue Mountain),
452,블루쉐프 (BLUE CHEF),
453,그랑 (GRANG),
454,펫츠플레이트 (PET'S PLATE),
455,프레스코 (FRESCO),
456,하이텍 내추럴스 (Hi-Tek NATURALS),
457,퓨어럭스 (PURELUXE),
458,질랜디아 (zealandia),
459,네이처스 로직 (nature's LOGIC),
460,겟 네이키드 (get naked),
461,알파펫 (ALFA PET),
462,부부스베스트 (BOO BOO'S BEST),
463,마이터키츄 (MY turkey chew),
464,마이리틀울프 (MY LITTLE WOLF),
465,마이리틀라이언 (MY LITTLE LION),
466,올드파파진 (Old PaPa Jeen's),
467,아이슬란드 퓨어 (Iceland Pure),
468,NWC NATURALS,
469,NATURAL SOLUTIONS FOR LIFE,
471,캐닌캐비어 (Canine Caviar),
472,도그제자 (DOG JEJA),
473,오가앤리프 (Orga & Leaf),
474,하이큐펫푸드 (HiQ PETFOOD),
475,애니몬다 인테그라 (animonda INTEGRA),
476,프로뉴트리션 (PRO-NUTRITION),
477,미소 (miso),
478,컴플리트 라이프 (Complete Life),
479,퍼스트초이스 (1st CHOICE),
480,펫세븐 (PET7),
481,아이엠씨 (IMC),
482,비고앤세이지 (VIGOR & SAGE),
483,힐스코리아 (Hill's Korea),
484,메디솔브 (MEDISOLVE),
485,쿠쿳 (KOOKUT),
486,원더펫 (wonder pet),
487,랩토피아 (Labtopia),
488,페타란 (PETARAN),
489,웰스비 (Wealth.B),
490,바우메오 (BAU.MEO),
491,38.5,
492,하리 (HARI),
493,그레잇잭 (GREAT JACK'S),
494,디어디어 (Dear Deer),
495,라일리스 오가닉 (Riley's ORGANIC),
496,마이펫파티쉐리 (MY PATISSERIE),
497,질 캐나다 (ZEAL CANADA),
498,벅시 (BUGSY'S),
499,아이티아이 (iti),
500,슈퍼블렌드 (Super Blend),
501,질 캐나다 (ZEAL CANADA),
502,코코테라피 (coco theRapy),
503,트릿심플 (TreatSimple),
504,티베탄 (Tibetan),
505,트라이벌 (TRIBAL),
506,프레스키 (Freschi),
507,홀라이프펫 (WHOLE LIFE PET),
508,펫엔용 (PET&YOUNG),
509,MVPK9,
510,머슬불리 (MUSCLE BULLY),
511,와그 (WAGG),
512,살모펫 (SALMO PET),
513,그리즐리 (GRIZZLY),
514,닛신 카이세키 (NISSIN KAISEKI),
515,오로자임 (OROZYME),
516,아이누 (INU),
517,덴케어벳 (DENCARE Vet),
518,마시는 비오 (Bi.Oh!),
519,리얼 비피더스 (Real BIFIDUS),
520,닥터스비오 (Dr's BIOH),
521,헬시네이쳐 (Healthy Nature),
522,페베 (Pebe),
523,이너웰 (inner well),
524,에스틴 (STN),
525,베네핏 (Venefit),
526,뉴트람 (nutram),
527,오래오래프로젝트,
528,강블리라이프 (GANGBLY LIFE),
529,올레오 (OLEWO),
530,Dr. 쓰담쓰담,
531,아이리쉬로버 (Irish Rover),
532,펫슐랭 (PETCHELIN),
533,퍼피랑 키티랑 (Puppyrang Kittyrang),
534,정견식,
536,펫푸드궁 (PETFOOD GOONG),
537,라무달리 (Lamu Dali),
538,벅스펫 (BUG'S PET),
539,옵스틴 (Opstin),
540,프로젝트21 (PROJECT 21),
541,프로지스 (Frozzys),
542,개님의 상점,
543,펫쉴드 (PETSHIELD),
544,펫뿌리 (PETPPURI),
545,캐니소스 그랑크뤼 (CaniSource GRAND CRU),
546,치즈썬 (CHEESE SUN),
547,생식선생,
548,베이컨 (BACON),
549,로니 팝 (RONY POP),
550,우키우키 (UKIUKI),
551,보레알 (BOREAL),
552,내추럴펫 (natural pet),
553,펫드리 (PETDREE),
554,페피테일 (Peppytail),
555,오마이도기 (OH MY DOGGY),
556,펫파운드 (Pet found),
557,나츄라노리쉬 (Natura Nourish),
558,노스웰 (Noshwell),
559,레오나르도 (LEONARDO),
560,펫에그 (PetAg),
561,캐니대 (CANIDAE),
562,멍이방앗간,
563,헬로가토스 (HELLO GATOS),
565,닥터시에 (Dr.Xie),
566,세븐아워 (7H),
567,치킨플러스 (CHICKEN PLUS+),
568,펫테라피 플레이트 (PETHERAPIE Plate For Pets),
569,멍랩 (munglab),
570,치유치유,
571,테이스트 오브 네이처 (TASTE OF NATURE),
572,포가토 (FORGATO),
573,퍼피퍼피 (puppyfuppy),
574,시그널케어 (signal care),
575,트릿테이블 (TREATTABLE),
576,원더거츠 (WONDER GUTS),
577,메디코펫 (MEDICOPE+),
578,노스포 (north paw),
579,바른영양연구소,
580,츄통령,
581,정글키친 (JUNGLE KITCHEN),
582,독터몰 (DOGTOR),
583,헬시펫 (Healthy Pet),
584,카네토라 (KANETORA),
585,펫모닝 (PETMORNING),
586,멍쉐프의 레시피,
587,씽크라이크펫 (THINK LIKE PET),
588,코코르독 (CoCo le DOG),
589,멍멍방앗간,
590,올바르개 (olbareugae),
591,와락펫푸드,
592,펫츄 (Petchoo),
593,컴패니언 클래식 (COMPANION CLASSIC),
595,럭셔리독 (LUXURY DOG),
596,오리로스,
607,논다 (NONDA),
613,캣슐랭 (CATCHELIN),
614,아가펫 (Agapet),
615,닥터썸 (Dr. Thumb),
616,해피스마일 (Happy Smile),